UserID,UserName,Email,Gender,BirthDate,Country,RegistrationDate
1,yildirimsatrettin,muhammetyaman@example.net,Female,1989-11-04,Germany,2024-05-22
2,tarhanhasgul,zenginsavki@example.org,Female,1992-11-09,Germany,2020-10-15
3,corlumestur,fedentevetoglu@example.org,Female,1965-07-07,France,2015-09-24
4,unalsensoy,cbilgin@example.net,Female,1967-07-14,USA,2016-12-07
5,abid26,sayin23@example.com,Female,2005-05-07,United Kingdom,2019-08-04
6,corlucetinsu,ergulucan@example.net,Male,1991-06-18,United Kingdom,2016-04-27
7,atnan78,ihsanoglucelikkan@example.org,Female,1967-09-22,Germany,2021-05-08
8,rabbiye95,calimerdogan@example.org,Female,1976-05-16,Turkey,2023-03-08
9,seyithancorlu,denkelkisakurek@example.com,Female,1961-10-20,United Kingdom,2023-08-07
10,xsener,zihniergul@example.org,Female,2001-04-19,USA,2015-11-29
11,zuheyla19,gulusgul@example.org,Female,1977-02-21,Japan,2023-05-20
12,begimkisakurek,safinaz83@example.net,Male,1985-10-02,Turkey,2016-12-30
13,baltas30,oget41@example.org,Male,1980-04-09,Germany,2024-05-14
14,mazlum76,qmanco@example.org,Male,1986-06-17,USA,2017-11-28
15,kefserduran,mihriye69@example.com,Female,1992-08-14,Turkey,2018-11-29
16,mevlut28,wcorlu@example.org,Female,1975-04-18,Japan,2015-05-31
17,mancopiran,tugcesafak@example.net,Female,1978-11-24,USA,2022-11-16
18,kisakurekcokan,qfirat@example.net,Female,1985-11-24,Japan,2017-04-29
19,tarhanilper,tarhangunsel@example.com,Female,1984-02-16,Germany,2016-01-07
20,dundaralp46,aycanyilmaz@example.net,Male,1983-05-27,United Kingdom,2015-05-09
21,ezgin28,bilgepembesin@example.com,Female,2002-08-19,Japan,2016-07-26
22,goksevarsoy,guzeyocalan@example.net,Male,1993-11-26,United Kingdom,2022-05-20
23,tevetoglutorhan,hyildirim@example.com,Female,1992-03-12,United Kingdom,2024-09-30
24,nihai03,corlusemsinisa@example.com,Male,1990-03-16,France,2022-04-07
25,inonugulzadiye,erincerulker@example.com,Male,2001-11-18,United Kingdom,2021-02-17
26,rohatfirat,ibilir@example.net,Female,2000-12-12,France,2021-08-28
27,ugehancer,pulker@example.com,Male,1981-11-07,Japan,2017-10-31
28,hakcay,pdemir@example.org,Female,1995-12-27,United Kingdom,2018-05-14
29,samaakinal,mujdebilgin@example.org,Male,1998-03-17,Germany,2023-09-06
30,demirelrayla,bilginbengibay@example.org,Female,1974-09-18,France,2020-09-28
31,besin83,sumerya73@example.net,Other,2007-01-07,Germany,2017-03-23
32,irfanihsanoglu,yyuksel@example.com,Female,1964-10-28,USA,2025-11-18
33,gakar,ulkerafife@example.com,Female,2001-02-25,USA,2019-06-10
34,dseven,tarhanserfinaz@example.net,Female,1977-12-23,Turkey,2024-11-25
35,yorulmazulkudes,durdali33@example.org,Male,1981-03-10,United Kingdom,2024-08-14
36,byaman,sagcanertas@example.org,Female,1973-10-29,Turkey,2022-09-05
37,dumanlihezniye,yorulmazsemrin@example.net,Male,1990-12-04,Turkey,2016-02-14
38,corlunecmettin,ustunsoylu@example.com,Male,1979-01-23,Japan,2025-03-27
39,ogetakcay,aksucelikyurek@example.org,Female,1968-08-05,France,2019-05-07
40,yeraslan,barslan@example.net,Male,1989-05-06,USA,2025-01-26
41,mmanco,mertel09@example.net,Male,1966-06-06,Germany,2018-11-21
42,koruturktekbay,yorulmazmihrab@example.com,Male,1975-12-25,Turkey,2023-08-12
43,bariszorlu,akdenizkarabas@example.org,Male,1960-02-22,United Kingdom,2021-11-05
44,tarhannazlim,kdemir@example.org,Female,1972-05-21,Turkey,2020-08-09
45,mansizbulunc,lulker@example.net,Male,1968-04-30,USA,2018-10-22
46,rasul35,ruhsatgulen@example.org,Male,1987-11-28,France,2019-05-04
47,agbegim51,ertasnudret@example.net,Female,1997-11-01,United Kingdom,2017-01-05
48,erdogangurcuye,ferahdibaeraslan@example.org,Female,1969-07-19,Japan,2020-03-19
49,beren35,gulel78@example.net,Female,1996-04-14,Japan,2024-01-05
50,nihan80,sirap12@example.com,Male,2005-06-25,United Kingdom,2019-04-22
51,akgunduzdoganalp,samurtayarslan@example.net,Female,1996-01-15,France,2019-09-27
52,ucgulsama,verdesener@example.com,Male,1970-05-27,France,2021-10-08
53,deraslan,senersekim@example.com,Female,1990-01-22,United Kingdom,2024-06-19
54,yilmazturkalp,rumeysaeraslan@example.org,Female,1998-01-16,Turkey,2020-12-17
55,tdurmus,adurmus@example.org,Male,1983-02-17,USA,2017-03-20
56,akcayekbun,hasretturk@example.com,Female,1999-01-06,Japan,2015-07-18
57,adilayaman,hanceryurtguven@example.org,Male,2003-12-04,Turkey,2020-02-29
58,mahir31,kandef69@example.net,Female,1982-08-21,Germany,2019-10-10
59,necmettinbilge,hukumdarakgunduz@example.com,Female,1976-01-13,Turkey,2018-04-16
60,akcaysukufe,ilkim34@example.org,Male,1986-09-15,Turkey,2022-02-17
61,kisakurekasalet,mbilgin@example.com,Male,1963-04-14,Turkey,2020-12-16
62,tanhan33,ulkerkelami@example.com,Male,1968-06-25,USA,2016-05-31
63,sagcan14,saire86@example.net,Female,1990-12-26,France,2025-11-24
64,alpcan14,mervaeraslan@example.org,Female,2006-12-20,USA,2021-05-19
65,tevetogluakyildiz,sayan56@example.net,Male,1963-06-08,Turkey,2016-08-24
66,kisakurekmehrigul,otayturk@example.net,Female,1967-01-24,France,2018-10-15
67,hyilmaz,yurdanursafak@example.org,Male,1983-01-16,France,2023-02-03
68,orcin51,ferhan46@example.com,Female,1983-05-31,Turkey,2018-05-26
69,ssezer,kayrabayseven@example.net,Female,1981-11-13,Germany,2022-10-14
70,vtarhan,nurdenizdurdu@example.com,Male,1999-03-14,Germany,2018-01-30
71,adurmus,server36@example.net,Female,1995-10-07,Germany,2025-03-15
72,beray77,firdevisguclu@example.net,Male,1978-08-01,United Kingdom,2015-03-18
73,sevsevilcorlu,gokperi95@example.org,Male,1988-07-17,United Kingdom,2016-02-02
74,tanhancer,korkmazalpmanco@example.org,Female,1979-10-31,Turkey,2015-09-19
75,yukselcanan,ertasimren@example.net,Female,2001-04-29,Japan,2021-08-05
76,ihsansezer,zsoylu@example.org,Female,2002-09-01,United Kingdom,2025-06-05
77,sevdinarsezer,akcaydorukhan@example.com,Male,1991-01-27,United Kingdom,2024-03-23
78,hunalpsezgin,jyorulmaz@example.org,Female,2004-10-06,France,2017-05-12
79,ertasertuncay,hulker@example.net,Male,1996-02-24,Japan,2015-05-13
80,asiman98,jkaradeniz@example.com,Female,1990-12-23,Japan,2015-12-07
81,busranurdumanli,okturemis48@example.com,Male,1988-04-15,United Kingdom,2020-01-24
82,saricabaydumanli,demirelserhatmehmet@example.org,Female,1974-12-16,USA,2021-12-31
83,ufukay58,yamangiz@example.org,Male,1962-02-06,France,2023-06-05
84,jsezer,basokseven@example.com,Female,1981-01-21,Japan,2019-03-18
85,hamiyet76,bilirsahinbey@example.com,Female,1971-01-29,France,2016-02-02
86,akdenizmehdiye,aguclu@example.com,Other,1985-12-16,USA,2017-01-01
87,ozalpsan68,dursadiyebilgin@example.com,Male,1979-07-15,Germany,2019-09-09
88,bsoylu,qsama@example.net,Female,1969-06-23,United Kingdom,2022-06-13
89,kgul,icamurcuoglu@example.net,Female,1980-03-12,Germany,2024-08-19
90,camurcuogluozerdinc,corlusanavber@example.com,Male,2000-04-27,France,2016-10-04
91,bediriyeakcay,eraslancelikyurek@example.com,Male,1989-12-20,United Kingdom,2023-07-22
92,ayseanahayrioglu,celikyurek46@example.com,Female,1994-05-23,Japan,2021-07-04
93,gucluakver,akcaverim@example.org,Male,1962-08-09,France,2021-12-09
94,ocalansemine,inonualtinisin@example.org,Female,1967-03-23,Germany,2021-09-21
95,akcasumansiz,nevsalyaman@example.com,Male,1982-06-04,Turkey,2016-11-12
96,durdumerzuk,qsezer@example.com,Male,1993-03-21,Japan,2015-04-04
97,neptuntevetoglu,ocalangunsen@example.com,Female,1977-04-26,Germany,2024-07-14
98,zenginaliseydi,mehdiye66@example.net,Female,1981-06-20,United Kingdom,2016-12-18
99,binisikzengin,devinersezer@example.com,Male,1965-10-24,United Kingdom,2025-01-11
100,cetinkubran,ergulgulce@example.com,Male,1981-12-25,Germany,2022-09-01
101,berkal85,akdenizsahinbey@example.com,Female,2001-05-24,USA,2020-08-10
102,safakyilmaz,jdemirel@example.com,Female,1974-04-15,United Kingdom,2017-09-29
103,sermanfirat,nurey87@example.com,Female,1996-06-15,Turkey,2024-09-21
104,ualemdar,tolonbay31@example.com,Male,1997-06-02,France,2025-09-27
105,wyuksel,ndurdu@example.net,Female,2007-12-03,Turkey,2023-01-06
106,bsama,uakdeniz@example.org,Female,1965-05-13,France,2018-04-14
107,wbilir,urhan49@example.net,Male,2005-11-22,United Kingdom,2022-01-21
108,husnuhal08,canalyuksel@example.net,Male,1983-07-20,Turkey,2023-07-02
109,jsoylu,yasarguclu@example.net,Male,1997-01-15,Japan,2022-05-13
110,ydumanli,corlusoykut@example.org,Female,1978-11-06,USA,2017-12-19
111,psezer,siti95@example.com,Female,2001-02-09,Japan,2025-01-31
112,serafeddin85,zulfuye74@example.com,Male,1999-11-23,United Kingdom,2018-09-16
113,murit13,enes82@example.org,Male,1963-03-17,Germany,2023-07-16
114,dilfezaaslan,denizalp34@example.org,Male,1979-10-30,Germany,2024-11-14
115,idik40,sarpkinturk@example.org,Female,1987-07-06,United Kingdom,2025-08-05
116,zemzem27,bilgeakar@example.net,Male,1999-06-18,Japan,2022-07-20
117,bilay77,kanak04@example.com,Female,1971-07-14,Japan,2016-08-23
118,alemdarbedri,esoylu@example.net,Male,1980-06-12,France,2015-04-25
119,mancogencay,cabir31@example.net,Male,1961-01-30,United Kingdom,2017-11-28
120,mtevetoglu,gulerkisakurek@example.com,Female,2006-05-14,Japan,2019-07-21
121,lhancer,khancer@example.net,Other,1973-12-25,USA,2021-08-01
122,mansizdemirok,perenbilir@example.com,Male,2003-07-14,Germany,2022-04-09
123,aksuniyazi,hoskademerdogan@example.org,Male,1994-01-29,France,2015-02-28
124,sevenaynimah,carslan@example.org,Male,1980-02-15,USA,2016-09-06
125,colpan47,tarhannas@example.com,Female,1977-09-01,Japan,2018-12-31
126,senkaldemir,sehelmanco@example.com,Female,1961-02-03,Germany,2024-06-02
127,beydayorulmaz,tanyolactevetoglu@example.net,Male,1962-12-12,Japan,2019-06-21
128,amre17,zilfa64@example.net,Male,2009-08-21,Germany,2025-10-13
129,fdumanli,akgunduzakay@example.net,Other,1965-01-08,Turkey,2020-01-04
130,necva40,bilgintanyu@example.net,Male,1976-05-22,USA,2022-09-26
131,inonutalibe,mehrigul02@example.com,Female,1975-12-02,Japan,2015-06-14
132,rcamurcuoglu,minibesafak@example.net,Male,1977-01-17,Germany,2023-03-23
133,ecorlu,idiris55@example.net,Male,1978-08-20,Germany,2017-07-21
134,akdenizgunduzalp,ilkim74@example.net,Male,1968-10-25,Germany,2021-01-08
135,walemdar,ertascansin@example.com,Male,2002-11-28,Japan,2016-04-21
136,topuz16,ulkerhamiyet@example.com,Male,2008-08-28,France,2021-08-11
137,myorulmaz,olus77@example.org,Male,1960-11-10,France,2021-07-10
138,sabadurmus,sevindikdumanli@example.net,Female,1977-06-23,Japan,2021-08-09
139,bdemir,ozbilgeaksu@example.com,Male,1996-07-12,Turkey,2021-09-29
140,durmusibrahim,bilginedgubay@example.com,Male,2005-07-05,Japan,2020-06-02
141,sensoygokcebalan,tihsanoglu@example.com,Male,2007-09-29,Japan,2017-10-16
142,intihap77,acilaydurmus@example.org,Female,1987-09-14,Japan,2022-01-07
143,makar,berkiaslan@example.com,Female,1988-08-20,USA,2025-01-07
144,ferinaz40,sadiman49@example.net,Male,1965-11-18,France,2023-07-12
145,jbilge,eduran@example.com,Female,1999-10-05,Turkey,2018-11-03
146,hoskadem86,uihsanoglu@example.org,Female,1980-10-17,USA,2017-05-23
147,mahnazkisakurek,ilgiturk@example.com,Male,2007-08-02,United Kingdom,2020-04-16
148,zdemirel,qkisakurek@example.net,Male,1973-11-13,Germany,2018-08-19
149,enfesturk,fadilazengin@example.com,Female,1974-03-03,France,2021-11-04
150,bilgeanka,firatacilay@example.org,Other,1997-05-27,Germany,2023-09-29
151,ilbekbilge,biltasguclu@example.com,Male,1987-03-28,United Kingdom,2019-02-27
152,orcin61,tasvir86@example.com,Female,1988-04-16,United Kingdom,2020-01-17
153,ibilge,mansizberen@example.org,Male,1997-06-03,Germany,2015-01-24
154,muvaffak16,inonurevza@example.net,Male,1972-07-21,France,2025-12-07
155,dumanligucluer,alsoy05@example.org,Female,1978-02-21,Turkey,2017-05-04
156,yasattin56,odkanlifirat@example.com,Male,1998-05-09,United Kingdom,2023-11-14
157,harizakcay,mansizcogay@example.net,Female,1977-11-22,Germany,2023-12-11
158,ervaniyecamurcuoglu,nabilertas@example.net,Male,1984-07-30,Germany,2016-03-13
159,balli40,sakcay@example.net,Male,2003-01-13,USA,2025-07-23
160,bilgendumanli,mufide46@example.net,Female,1994-12-29,Turkey,2022-09-18
161,acilay43,eakdeniz@example.org,Other,1993-08-23,United Kingdom,2015-08-31
162,cokandurdu,mecide44@example.org,Male,2008-04-03,Japan,2019-02-22
163,aaslan,camurcuogluneriban@example.net,Male,1966-08-21,Turkey,2018-08-22
164,skaradeniz,neslinursezgin@example.com,Female,1977-12-10,USA,2021-04-20
165,rumeysaakar,ticen21@example.net,Male,2009-01-13,USA,2023-07-22
166,hanceraral,zenginyurttas@example.net,Female,1961-12-17,Germany,2016-07-29
167,celilaycamurcuoglu,tuncboga62@example.org,Female,1999-12-31,United Kingdom,2023-05-19
168,guzeyakgunduz,gulsiye84@example.org,Male,2001-05-04,United Kingdom,2019-01-23
169,deniz45,ertasbinbasar@example.org,Other,1983-03-28,Japan,2017-11-11
170,temimegul,zakdeniz@example.net,Male,1996-11-07,USA,2019-10-17
171,celilay60,gungoren17@example.com,Female,1965-05-29,Turkey,2025-03-28
172,mihriye65,tarhannas@example.com,Female,1962-11-17,Turkey,2025-10-06
173,mansizkefser,nezengul31@example.net,Female,1989-12-10,Germany,2022-02-11
174,scamurcuoglu,selime61@example.org,Male,2010-02-01,Germany,2023-10-03
175,akcaariel,elgin11@example.org,Female,1967-11-14,USA,2021-06-08
176,oryurekertas,suzer86@example.net,Other,1966-07-22,Japan,2023-08-09
177,inanclisensoy,karadenizdurrusehvar@example.net,Male,1973-08-27,France,2022-04-18
178,rakca,sezerzihni@example.org,Female,1990-06-26,USA,2020-02-03
179,pdumanli,demirok58@example.net,Male,1986-05-11,Turkey,2015-01-27
180,bayman64,ercihanakca@example.com,Male,1988-12-02,Turkey,2019-10-16
181,ulkermasar,yorulmazturkalp@example.org,Female,1989-04-20,USA,2020-12-20
182,kutgunbilir,karadenizhumeyra@example.org,Female,1973-09-09,Germany,2017-02-12
183,nakipsama,musureyilmaz@example.com,Male,1962-05-09,United Kingdom,2020-12-24
184,erkilicduran,hindal10@example.org,Female,1966-03-19,USA,2018-09-03
185,ergulnesip,akgol24@example.org,Male,1987-03-06,Japan,2016-10-30
186,salifirat,koruturkbashan@example.com,Female,1979-06-28,USA,2023-08-30
187,xocalan,dumanlifatinur@example.org,Female,1999-06-11,USA,2016-05-19
188,gulsevsevil,badegul00@example.com,Female,1978-09-17,France,2019-04-08
189,rsafak,soyluozpetek@example.com,Male,1978-06-13,France,2023-08-24
190,akcaybogatimur,nevgin21@example.org,Male,1975-09-16,Turkey,2020-09-06
191,paye98,cinerk98@example.com,Male,1978-10-22,Turkey,2016-05-07
192,mzorlu,ysakarya@example.net,Female,1988-06-05,United Kingdom,2019-08-28
193,akdenizsernur,adiladumanli@example.org,Female,1992-04-13,Turkey,2020-05-11
194,dsama,useven@example.org,Female,1961-06-13,Turkey,2015-01-30
195,sinasi54,goknur71@example.org,Other,1968-12-22,France,2018-12-23
196,corluakay,koruturkadem@example.org,Male,1986-12-23,Turkey,2017-07-28
197,zenginkerime,susen16@example.com,Male,1984-08-23,France,2023-03-08
198,ubilge,arslannazende@example.com,Female,1975-11-29,USA,2021-05-01
199,dincer98,gokcilulker@example.com,Male,2002-02-23,Germany,2023-07-20
200,doguhanergul,efser49@example.org,Female,1986-04-17,Germany,2019-03-03
201,jakdeniz,tevetoglusevim@example.net,Male,1975-09-01,USA,2025-07-02
202,alsoy24,umutcan50@example.org,Female,1976-04-17,Japan,2019-02-04
203,kubranulker,jerdogan@example.net,Female,1987-06-17,Turkey,2019-07-12
204,corlugulsevil,cagaseven@example.com,Male,1962-04-26,Germany,2018-09-20
205,gulaga54,laze91@example.org,Female,1972-12-12,Turkey,2025-03-31
206,gulagainonu,tarhanbulunc@example.com,Male,2007-02-12,Germany,2016-11-26
207,bulker,ctevetoglu@example.com,Male,1979-12-24,Turkey,2016-01-13
208,memili81,adila14@example.net,Other,2001-08-31,Turkey,2019-08-28
209,qfirat,aydinc36@example.net,Female,1960-01-24,USA,2018-06-29
210,yilmazkosemen,maksur24@example.com,Male,2008-06-11,United Kingdom,2019-02-06
211,enginiz07,iakcay@example.com,Female,1977-08-10,France,2016-05-30
212,evrimdurmus,beyler60@example.com,Female,1972-10-16,USA,2017-07-12
213,ertasborahan,mehdiye69@example.com,Male,1969-06-10,Japan,2017-10-20
214,harslan,uyildirim@example.org,Female,1987-01-05,USA,2018-09-08
215,skaradeniz,cansin61@example.org,Female,1983-12-06,Germany,2023-07-10
216,zzengin,gulentaygan@example.net,Male,1973-01-10,France,2021-07-01
217,mirbadin52,zorlurengul@example.org,Male,1977-10-02,Japan,2025-12-26
218,velitdinergul,necdatsakarya@example.org,Female,1981-05-03,USA,2016-10-25
219,konguralp29,sevcanerdogan@example.org,Female,2003-05-29,Turkey,2024-08-14
220,wertas,ktarhan@example.net,Female,1996-05-23,Japan,2020-01-26
221,pesent52,eerdogan@example.com,Male,1999-06-18,Germany,2016-04-27
222,saricabay90,ferinaz14@example.com,Male,1976-09-18,United Kingdom,2017-11-11
223,dturk,server11@example.net,Male,1968-08-28,Germany,2022-06-29
224,lertas,dumanlimahigul@example.net,Male,1992-10-13,United Kingdom,2019-10-14
225,toktugtevetoglu,jzorlu@example.org,Male,2001-01-14,USA,2024-04-22
226,zsakarya,ulkum18@example.net,Female,1971-05-01,Germany,2024-10-17
227,aslanhanyuksel,hdumanli@example.net,Male,1967-06-11,France,2025-11-01
228,yurdanurarsoy,onsal65@example.net,Female,2005-11-01,France,2017-03-09
229,cetinrayla,behrem51@example.net,Male,1991-10-02,Turkey,2020-11-22
230,qarslan,turabicorlu@example.net,Female,2007-02-07,Germany,2015-07-12
231,verimhancer,myaman@example.net,Male,2007-08-17,Germany,2016-11-14
232,hancerkader,ysensoy@example.com,Female,1980-04-19,Turkey,2024-06-15
233,susensezer,sensoysuzer@example.com,Male,1978-02-20,Germany,2018-02-14
234,aksogut54,mehmedsama@example.com,Male,2006-10-22,United Kingdom,2025-11-25
235,mutasimyaman,bisararslan@example.org,Male,1986-11-30,France,2015-01-02
236,ulkerulu,naidekisakurek@example.org,Female,1987-12-15,Japan,2017-05-05
237,isikaykaradeniz,ilperdumanli@example.org,Male,1996-10-25,Turkey,2016-07-28
238,rarsoy,atanurmansiz@example.com,Female,1981-10-02,USA,2019-05-22
239,ibilgin,tatusezgin@example.com,Female,1982-04-20,France,2024-05-10
240,zahidtarhan,xertas@example.com,Other,1984-10-12,USA,2016-07-29
241,hzorlu,maksu@example.net,Female,1973-08-15,Japan,2017-04-23
242,onatyorulmaz,xbilge@example.net,Male,1989-05-18,Japan,2015-02-14
243,demirelgokce,arslanbortecin@example.org,Female,2002-04-07,United Kingdom,2017-08-09
244,aylil82,ocorlu@example.com,Female,2000-10-05,Turkey,2016-09-21
245,almus60,xzorlu@example.org,Female,1963-09-04,United Kingdom,2019-04-12
246,xcorlu,alpinhayrioglu@example.org,Male,1975-02-10,Japan,2024-10-29
247,feza20,birsan27@example.com,Female,1967-12-12,USA,2023-03-17
248,akcaybozbag,eraslanmemili@example.org,Male,2004-05-13,United Kingdom,2024-05-20
249,xdemir,nerim41@example.org,Female,1985-02-19,Turkey,2024-06-12
250,sahatsener,herdogan@example.com,Female,1997-08-24,Japan,2022-06-24
251,senergokperi,ihsanmanco@example.com,Male,2003-07-24,Turkey,2017-09-21
252,nyilmaz,noman96@example.org,Female,1983-11-04,USA,2016-03-01
253,firatyertan,firathansultan@example.net,Female,1993-09-18,Germany,2021-10-20
254,kisakurekbilginur,senerongen@example.com,Female,1968-11-04,Turkey,2021-06-15
255,akif51,nural19@example.net,Male,1997-11-04,USA,2024-02-22
256,ertuncay05,sanavber27@example.net,Female,1999-06-30,United Kingdom,2024-07-22
257,lsener,basaydemirel@example.com,Male,1995-10-08,Germany,2024-02-13
258,arslankosukhan,cetinkorugan@example.org,Female,1962-03-02,USA,2022-01-26
259,taygan86,ceraslan@example.net,Female,1962-07-18,United Kingdom,2023-03-06
260,serhatmehmetergul,bilgesevcan@example.com,Female,1990-11-12,United Kingdom,2018-12-14
261,erdursun56,ckoruturk@example.com,Female,1989-02-10,France,2020-02-20
262,karaer77,gulbeyan41@example.net,Female,2009-02-05,USA,2022-04-09
263,bcorlu,hasretarslan@example.com,Female,1975-06-08,United Kingdom,2024-06-21
264,corluturabi,tansev79@example.net,Male,2008-04-14,United Kingdom,2023-04-19
265,saksu,cergul@example.org,Male,1968-02-11,United Kingdom,2022-03-04
266,nurda64,erdogansirriye@example.net,Female,1976-09-14,Germany,2023-06-26
267,garsoy,altinisinmanco@example.net,Female,2003-07-20,United Kingdom,2018-12-07
268,iturk,yukselsaci@example.com,Female,1975-02-13,United Kingdom,2018-08-15
269,cidal90,tuledumanli@example.com,Female,2005-05-28,USA,2022-11-08
270,atanur19,gulselinarsoy@example.com,Female,1995-09-14,Germany,2021-12-08
271,selmin43,yildirimsirivan@example.org,Male,1996-04-20,Turkey,2024-07-22
272,yfirat,eraslanramadan@example.net,Male,1991-09-28,Japan,2019-06-14
273,nbilir,yucel73@example.org,Female,1986-05-14,Turkey,2021-11-17
274,bilgendumanli,ugedumanli@example.org,Other,1999-09-14,United Kingdom,2024-04-06
275,soyler51,suvari22@example.com,Male,1984-07-24,Germany,2015-04-18
276,eraycanakar,necmettincetin@example.com,Other,1982-01-04,Japan,2024-10-24
277,arsoyhuda,beste82@example.net,Female,1973-01-15,Japan,2015-02-20
278,erdogantatu,udemirel@example.com,Female,2003-05-10,Turkey,2024-05-25
279,aocalan,yamantemucin@example.net,Female,2010-12-19,Germany,2017-02-26
280,dumanliberiye,erincer89@example.org,Female,1994-09-23,Germany,2023-05-17
281,akisezorlu,karadenizerdursun@example.net,Male,1992-09-13,United Kingdom,2025-02-03
282,tanakaksu,tolonbayihsanoglu@example.net,Male,1972-01-25,Germany,2018-08-10
283,ugurtanakca,boynak43@example.net,Male,2005-07-11,Germany,2022-12-11
284,erensoy49,zorlusahil@example.org,Male,1980-06-09,United Kingdom,2023-01-28
285,hatemulker,koncagul00@example.org,Male,1964-10-09,USA,2020-02-29
286,akcasaire,semat39@example.com,Female,1965-10-19,France,2025-09-09
287,soylupesent,salimet47@example.org,Male,1965-02-28,Germany,2025-01-17
288,dhancer,sezerbaydu@example.org,Male,1991-10-18,Japan,2015-09-25
289,eseven,vbilir@example.net,Female,1962-06-22,United Kingdom,2023-01-01
290,teberbilge,sevketfeza56@example.org,Female,1971-12-18,France,2019-06-12
291,gok81,nuretdin71@example.com,Female,1987-05-02,United Kingdom,2018-09-15
292,jyuksel,yorulmazsezginbas@example.com,Female,1972-12-09,Germany,2023-08-05
293,kyuksel,melikkan53@example.org,Female,1964-10-01,United Kingdom,2022-12-26
294,dzorlu,takgunduz@example.com,Female,1966-05-15,Turkey,2021-11-19
295,corluozel,nyuksel@example.net,Female,1977-06-17,France,2017-10-16
296,aytek04,ptevetoglu@example.net,Male,2004-05-28,USA,2023-03-04
297,iarslan,akdenizdogansah@example.com,Male,1996-03-15,Turkey,2021-06-09
298,risaletgul,ummet50@example.com,Female,1972-06-04,France,2024-07-02
299,durdukerime,yolaldurmus@example.com,Male,1975-12-01,Turkey,2022-12-06
300,kisakurekfatmanur,jinonu@example.com,Male,1983-05-16,France,2019-07-03
